<?xml version="1.0" encoding="UTF-8"?>
<!--
 ~ Copyright (c) 2024, WSO2 LLC. (https://www.wso2.com).
 ~
 ~ WSO2 LLC. licenses this file to you under the Apache License,
 ~ Version 2.0 (the "License"); you may not use this file except
 ~ in compliance with the License.
 ~ You may obtain a copy of the License at
 ~
 ~     http://www.apache.org/licenses/LICENSE-2.0
 ~
 ~ Unless required by applicable law or agreed to in writing,
 ~ software distributed under the License is distributed on an
 ~ "AS IS" BASIS, WITHOUT WARRANTIES OR CONDITIONS OF ANY
 ~ KIND, either express or implied. See the License for the
 ~ specific language governing permissions and limitations
 ~ under the License.
 -->

<Server xmlns="http://wso2.org/projects/carbon/financial-services.xml">
    <JDBCPersistenceManager>
        <DataSource>
            <Name>jdbc/WSO2FS_DB</Name>
        </DataSource>
        <ConnectionVerificationTimeout>1</ConnectionVerificationTimeout>
    </JDBCPersistenceManager>
    <Consent>
        <ManageHandler>org.wso2.financial.services.accelerator.consent.mgt.extensions.manage.impl.DefaultConsentManageHandler</ManageHandler>
        <AuthorizeSteps>
            <Retrieve>
                <Step class="org.wso2.financial.services.accelerator.consent.mgt.extensions.authorize.impl.DefaultConsentRetrievalStep" priority="1"/>
            </Retrieve>
            <Persist>
                <Step class="org.wso2.financial.services.accelerator.consent.mgt.extensions.authorize.impl.DefaultConsentPersistStep" priority="1"/>
            </Persist>
        </AuthorizeSteps>
        <Validation>
            <Validator>org.wso2.financial.services.accelerator.consent.mgt.extensions.validate.impl.DefaultConsentValidator</Validator>
            <RequestSignatureAlias>wso2carbon</RequestSignatureAlias>
            <JWTPayloadValidation>true</JWTPayloadValidation>
        </Validation>
        <AdminHandler>org.wso2.financial.services.accelerator.consent.mgt.extensions.admin.impl.DefaultConsentAdminHandler</AdminHandler>
        <ConsentAPICredentials>
            <Username>is_admin@wso2.com</Username>
            <Password>wso2123</Password>
        </ConsentAPICredentials>
        <Payments>
            <MaximumInstructedAmount>1000</MaximumInstructedAmount>
        </Payments>
        <Portal>
            <ClientCredentials>
                <ClientId>0NXYPMnh9mxSPCVjvvsVh17LWDca</ClientId>
                <ClientSecret>pfVkfiEUvQqmZdYQuruauOs6SS0wd7yggkR2of58NXsa</ClientSecret>
            </ClientCredentials>
            <Params>
                <IdentityServerBaseUrl>https://localhost:9443</IdentityServerBaseUrl>
                <ApiManagerServerBaseUrl>https://localhost:8243</ApiManagerServerBaseUrl>
            </Params>
        </Portal>
        <PreserveConsentLink>false</PreserveConsentLink>
        <Idempotency>
            <IsEnabled>false</IsEnabled>
            <AllowedTimeDuration>1440</AllowedTimeDuration>
        </Idempotency>
    </Consent>
    <Identity>
        <AuthenticationWebApp>
            <ServletExtension>org.wso2.financial.services.accelerator.consent.mgt.extensions.authservlet.impl.FSDefaultAuthServletImpl</ServletExtension>
        </AuthenticationWebApp>
        <ConsentIDClaimName>consent_id</ConsentIDClaimName>
        <Extensions>
            <RequestObjectValidator>org.wso2.financial.services.accelerator.identity.extensions.auth.extensions.request.validator.DefaultFSRequestObjectValidator</RequestObjectValidator>
            <ResponseTypeHandler>org.wso2.financial.services.accelerator.identity.extensions.auth.extensions.response.handler.impl.FSDefaultResponseTypeHandlerImpl</ResponseTypeHandler>
            <ClaimProvider>org.wso2.financial.services.accelerator.identity.extensions.claims.FSDefaultClaimProvider</ClaimProvider>
            <GrantHandler>org.wso2.financial.services.accelerator.identity.extensions.grant.type.handlers.FSDefaultGrantHandler</GrantHandler>
            <IntrospectionDataProvider>org.wso2.financial.services.accelerator.identity.extensions.interceptor.FSDefaultIntrospectionDataProvider</IntrospectionDataProvider>
        </Extensions>
        <TokenSubject>
            <RemoveUserStoreDomainFromSubject>true</RemoveUserStoreDomainFromSubject>
            <RemoveTenantDomainFromSubject>true</RemoveTenantDomainFromSubject>
        </TokenSubject>
    </Identity>
    <AppRegistration>
        <ApplicationUpdaterImpl>org.wso2.financial.services.accelerator.identity.extensions.dcr.application.listener.ApplicationUpdaterImpl</ApplicationUpdaterImpl>
        <SCA>
            <PrimaryAuthenticator>
                <Name>BasicAuthenticator</Name>
                <DisplayName>basic</DisplayName>
            </PrimaryAuthenticator>
        </SCA>
        <DCR>
            <Params>
                <Param>
                    <Name>software_id</Name>
                    <Required>true</Required>
                    <AllowedValues></AllowedValues>
                    <IncludeInResponse>true</IncludeInResponse>
                </Param>
                <Param>
                    <Name>scope</Name>
                    <Required>true</Required>
                    <AllowedValues>
                        <Value>openid</Value>
                        <Value>profile</Value>
                    </AllowedValues>
                    <IncludeInResponse>true</IncludeInResponse>
                </Param>
            </Params>
        </DCR>
    </AppRegistration>
    <HTTPConnectionPool>
        <MaxConnections>2000</MaxConnections>
        <MaxConnectionsPerRoute>1500</MaxConnectionsPerRoute>
    </HTTPConnectionPool>
    <EventNotifications>
        <NotificationGeneration>
            <NotificationGenerator>org.wso2.financial.services.accelerator.event.notifications.service.DefaultEventNotificationGenerator</NotificationGenerator>
            <TokenIssuer>www.wso2.com</TokenIssuer>
            <NumberOfSetsToReturn>5</NumberOfSetsToReturn>
        </NotificationGeneration>
        <EventCreationHandler>org.wso2.financial.services.accelerator.event.notifications.service.handler.DefaultEventCreationServiceHandler</EventCreationHandler>
        <EventPollingHandler>org.wso2.financial.services.accelerator.event.notifications.service.handler.DefaultEventPollingServiceHandler</EventPollingHandler>
        <EventSubscriptionHandler>org.wso2.financial.services.accelerator.event.notifications.service.handler.DefaultEventSubscriptionServiceHandler</EventSubscriptionHandler>
        <PollingResponseParams>
            <IsSubClaimAvailable>true</IsSubClaimAvailable>
            <IsTxnClaimAvailable>true</IsTxnClaimAvailable>
            <IsTxnClaimAvailable>true</IsTxnClaimAvailable>
            <IsToeClaimAvailable>true</IsToeClaimAvailable>
        </PollingResponseParams>
        <Realtime>
            <Enable>false</Enable>
            <PeriodicCronExpression>0 0/1 0 ? * * *</PeriodicCronExpression>
            <TimeoutInSeconds>60</TimeoutInSeconds>
            <MaxRetries>5</MaxRetries>
            <InitialBackoffTimeInSeconds>60</InitialBackoffTimeInSeconds>
            <BackoffFunction>EX</BackoffFunction>
            <CircuitBreakerOpenTimeoutInSeconds>600</CircuitBreakerOpenTimeoutInSeconds>
            <EventNotificationThreadPoolSize>20</EventNotificationThreadPoolSize>
            <RequestGenerator>org.wso2.financial.services.accelerator.event.notifications.service.realtime.service.DefaultRealtimeEventNotificationRequestGenerator</RequestGenerator>
        </Realtime>
    </EventNotifications>
</Server>
